,Left_ch,Right_ch,time
0,-64.15,-66.17,1689319161.556
1,-61.23,-92.6,1689319161.558
2,-61.05,-107.21,1689319161.57
3,-58.74,-95.81,1689319161.572
4,-56.9,-65.02,1689319161.573
5,-54.05,-27.59,1689319161.577
6,-51.93,-6.64,1689319161.578
7,-50.95,-5.3,1689319161.587
8,-51.39,-16.12,1689319161.593
9,-51.53,-18.93,1689319161.596
10,-52.29,-13.99,1689319161.596
11,-51.78,-1.98,1689319161.597
12,-51.24,4.94,1689319161.606
13,-52.43,3.68,1689319161.608
14,-55.21,-0.32,1689319161.61
15,-57.8,-1.66,1689319161.614
16,-60.91,0.97,1689319161.614
17,-60.58,3.93,1689319161.624
18,-60.4,6.2,1689319161.626
19,-58.16,6.17,1689319161.637
20,-56.36,5.52,1689319161.638
21,-53.51,6.38,1689319161.643
22,-49.91,8.8,1689319161.646
23,-46.05,9.2,1689319161.649
24,-42.19,9.63,1689319161.651
25,-40.39,9.34,1689319161.658
26,-41.0,7.97,1689319161.662
27,-47.53,6.2,1689319161.663
28,-56.76,3.39,1689319161.666
29,-64.48,-0.22,1689319161.668
30,-69.13,-2.31,1689319161.674
31,-67.43,-2.88,1689319161.678
32,-61.73,-1.44,1689319161.683
33,-60.26,-0.9,1689319161.686
34,-61.01,-4.72,1689319161.716
35,-65.45,-7.97,1689319161.743
36,-65.67,-10.35,1689319161.748
37,-62.85,-6.38,1689319161.754
38,-57.34,-3.89,1689319161.754
39,-52.68,-3.35,1689319161.754
40,-53.4,-12.48,1689319161.754
41,-55.64,-23.51,1689319161.754
42,-57.73,-29.39,1689319161.754
43,-55.82,-26.22,1689319161.754
44,-52.5,-16.34,1689319161.756
45,-49.29,-10.24,1689319161.765
46,-50.45,-8.8,1689319161.765
47,-54.49,-10.2,1689319161.765
48,-58.67,-6.82,1689319161.765
49,-58.06,-0.25,1689319161.765
50,-53.91,6.49,1689319161.766
51,-45.0,11.14,1689319161.766
52,-36.02,12.26,1689319161.766
53,-28.96,15.54,1689319161.769
54,-22.0,27.26,1689319161.772
55,-13.31,42.55,1689319161.782
56,-3.57,56.97,1689319161.813
57,7.5,67.14,1689319161.817
58,18.43,72.05,1689319161.817
59,27.95,76.63,1689319161.818
60,39.34,86.54,1689319161.822
61,55.06,100.64,1689319161.822
62,77.67,121.23,1689319161.822
63,101.87,142.91,1689319161.823
64,120.22,162.81,1689319161.823
65,128.37,181.92,1689319161.823
66,124.3,196.6,1689319161.823
67,116.55,207.02,1689319161.823
68,113.08,212.57,1689319161.823
69,116.19,219.86,1689319161.833
70,123.0,227.5,1689319161.836
71,126.57,230.32,1689319161.843
72,121.67,229.38,1689319161.849
73,112.0,221.84,1689319161.849
74,101.04,209.54,1689319161.853
75,91.84,196.02,1689319161.858
76,83.8,179.33,1689319161.867
77,74.28,159.71,1689319161.868
78,60.04,136.09,1689319161.87
79,43.16,115.25,1689319161.872
80,27.05,96.24,1689319161.874
81,12.22,84.34,1689319161.878
82,-1.01,71.18,1689319161.888
83,-11.68,59.9,1689319161.893
84,-21.13,47.6,1689319161.893
85,-28.99,33.93,1689319161.902
86,-35.63,20.99,1689319161.904
87,-42.26,9.88,1689319161.906
88,-48.43,0.14,1689319161.912
89,-56.11,-8.76,1689319161.912
90,-64.04,-19.44,1689319161.914
91,-72.77,-30.72,1689319161.942
92,-80.92,-42.95,1689319161.947
93,-87.27,-53.84,1689319161.954
94,-91.02,-59.1,1689319161.954
95,-91.48,-62.35,1689319161.956
96,-92.71,-62.67,1689319161.957
97,-91.41,-60.4,1689319161.959
98,-89.18,-58.2,1689319161.959
99,-84.81,-55.89,1689319161.959
100,-79.48,-50.56,1689319161.959
101,-73.13,-46.41,1689319161.964
102,-69.99,-40.35,1689319161.964
103,-68.01,-33.36,1689319161.97
104,-66.21,-26.83,1689319161.973
105,-59.9,-16.12,1689319161.977
106,-45.36,0.65,1689319161.978
107,-24.16,18.46,1689319161.979
108,-2.81,36.31,1689319161.992
109,13.27,47.78,1689319161.994
110,23.66,53.19,1689319161.997
111,32.81,62.6,1689319162.007
112,47.13,75.98,1689319162.009
113,65.56,98.52,1689319162.011
114,82.32,121.7,1689319162.012
115,89.97,139.66,1689319162.017
116,88.85,147.31,1689319162.022
117,81.57,147.67,1689319162.026
118,71.4,142.36,1689319162.03
119,59.86,135.19,1689319162.032
120,44.1,127.11,1689319162.041
121,25.93,117.48,1689319162.043
122,5.01,103.64,1689319162.048
123,-12.84,87.01,1689319162.054
124,-27.33,70.21,1689319162.055
125,-43.74,51.28,1689319162.055
126,-63.65,31.66,1689319162.08
127,-93.03,5.99,1689319162.106
128,-126.03,-27.98,1689319162.119
129,-158.16,-59.97,1689319162.123
130,-185.46,-91.59,1689319162.124
131,-202.44,-115.68,1689319162.124
132,-215.31,-138.54,1689319162.124
133,-223.03,-157.65,1689319162.124
134,-226.82,-175.18,1689319162.126
135,-224.08,-183.91,1689319162.131
136,-216.79,-182.79,1689319162.131
137,-207.45,-177.63,1689319162.131
138,-199.02,-174.17,1689319162.131
139,-195.05,-171.72,1689319162.132
140,-188.31,-168.47,1689319162.132
141,-175.79,-160.72,1689319162.132
142,-161.19,-152.25,1689319162.133
143,-149.5,-145.57,1689319162.133
144,-146.8,-144.31,1689319162.133
145,-151.78,-147.02,1689319162.136
146,-154.05,-146.19,1689319162.138
147,-150.69,-141.61,1689319162.146
148,-137.97,-132.45,1689319162.151
149,-124.88,-124.73,1689319162.152
150,-114.38,-116.26,1689319162.154
151,-106.85,-110.92,1689319162.156
152,-102.01,-108.04,1689319162.168
153,-98.44,-107.71,1689319162.174
154,-96.75,-110.49,1689319162.174
155,-95.31,-114.67,1689319162.18
156,-95.13,-116.87,1689319162.181
157,-94.73,-116.04,1689319162.186
158,-93.76,-110.63,1689319162.189
159,-94.48,-102.41,1689319162.198
160,-92.31,-97.4,1689319162.201
161,-87.59,-91.2,1689319162.201
162,-79.91,-84.81,1689319162.203
163,-69.92,-78.61,1689319162.208
164,-61.95,-69.49,1689319162.216
165,-57.55,-60.0,1689319162.219
166,-56.15,-56.33,1689319162.221
167,-56.72,-59.75,1689319162.223
168,-56.79,-64.19,1689319162.226
169,-57.01,-67.9,1689319162.235
170,-54.49,-66.17,1689319162.238
171,-52.83,-60.69,1689319162.243
172,-52.11,-55.82,1689319162.243
173,-51.75,-50.63,1689319162.252
174,-51.28,-49.22,1689319162.255
175,-50.16,-45.15,1689319162.257
176,-47.09,-43.16,1689319162.26
177,-47.35,-46.73,1689319162.268
178,-50.23,-56.61,1689319162.271
179,-56.25,-76.48,1689319162.277
180,-57.37,-90.26,1689319162.278
181,-47.85,-90.73,1689319162.285
182,-27.01,-67.4,1689319162.289
183,-1.3,-30.4,1689319162.292
184,16.55,3.82,1689319162.292
185,21.78,20.45,1689319162.296
186,17.89,14.96,1689319162.305
187,11.47,4.07,1689319162.312
188,8.4,-1.84,1689319162.313
189,7.03,-1.48,1689319162.314
190,1.19,1.19,1689319162.321
191,-4.94,-1.48,1689319162.327
192,-9.48,-5.41,1689319162.329
193,-5.77,-7.0,1689319162.329
194,3.14,-1.51,1689319162.329
195,9.23,4.69,1689319162.337
196,9.92,7.03,1689319162.34
197,2.78,4.8,1689319162.346
198,-5.26,0.18,1689319162.351
199,-11.25,-3.28,1689319162.353
200,-12.51,-2.16,1689319162.358
201,-12.3,0.14,1689319162.364
202,-8.55,4.33,1689319162.364
203,-8.19,4.8,1689319162.366
204,-8.15,2.06,1689319162.37
205,-11.68,-3.1,1689319162.375
206,-14.75,-7.18,1689319162.378
207,-15.43,-10.6,1689319162.38
208,-13.88,-7.86,1689319162.391
209,-9.88,-3.53,1689319162.396
210,-5.08,3.32,1689319162.398
211,-2.99,5.3,1689319162.409
212,-1.88,7.61,1689319162.409
213,-4.62,5.3,1689319162.414
214,-8.29,4.51,1689319162.447
215,-11.39,5.95,1689319162.448
216,-10.49,10.39,1689319162.449
217,-8.4,12.4,1689319162.474
218,-4.51,15.36,1689319162.482
219,-3.89,15.9,1689319162.482
220,-5.08,14.71,1689319162.484
221,-6.53,16.34,1689319162.487
222,-8.22,16.19,1689319162.487
223,-7.75,16.01,1689319162.488
224,-7.03,12.26,1689319162.488
225,-9.77,10.53,1689319162.489
226,-12.55,6.24,1689319162.49
227,-17.02,2.45,1689319162.491
228,-19.15,1.55,1689319162.492
229,-18.17,-1.66,1689319162.492
230,-17.13,-8.76,1689319162.493
231,-17.63,-19.08,1689319162.493
232,-19.18,-28.74,1689319162.493
233,-21.42,-30.76,1689319162.497
234,-22.47,-26.5,1689319162.498
235,-20.41,-16.3,1689319162.504
236,-18.14,-9.99,1689319162.504
237,-16.15,-7.93,1689319162.504
238,-14.82,-8.55,1689319162.507
239,-16.62,-5.48,1689319162.514
240,-18.39,0.69,1689319162.516
241,-17.71,3.71,1689319162.519
242,-12.87,7.61,1689319162.523
243,-2.81,6.35,1689319162.529
244,7.21,3.43,1689319162.534
245,12.26,1.51,1689319162.54
246,10.93,-4.07,1689319162.542
247,4.94,-13.49,1689319162.551
248,-0.14,-26.25,1689319162.58
249,-5.41,-38.22,1689319162.582
250,-6.27,-43.2,1689319162.582
251,-6.53,-38.3,1689319162.583
252,-6.45,-21.6,1689319162.586
253,-5.26,-2.42,1689319162.589
254,-5.26,6.13,1689319162.59
255,-7.54,3.28,1689319162.59
256,-10.39,-4.62,1689319162.59
257,-15.18,-8.22,1689319162.59
258,-17.67,-3.32,1689319162.59
259,-16.91,9.12,1689319162.59
260,-12.37,18.9,1689319162.596
261,-8.01,23.15,1689319162.597
262,-4.62,21.2,1689319162.603
263,-3.57,20.16,1689319162.607
264,-3.57,20.48,1689319162.608
265,-2.02,24.95,1689319162.619
266,2.31,29.53,1689319162.62
267,6.17,33.43,1689319162.623
268,8.19,30.54,1689319162.628
269,9.99,24.09,1689319162.636
270,8.98,18.1,1689319162.641
271,8.65,13.49,1689319162.644
272,4.58,14.64,1689319162.644
273,2.49,16.98,1689319162.652
274,2.7,24.95,1689319162.657
275,8.69,31.91,1689319162.66
276,20.12,39.09,1689319162.664
277,26.04,42.41,1689319162.666
278,22.54,37.72,1689319162.672
279,10.96,28.6,1689319162.676
280,0.36,21.89,1689319162.678
281,-2.02,20.09,1689319162.679
282,4.04,25.53,1689319162.68
283,10.46,28.81,1689319162.691
284,10.71,30.29,1689319162.694
285,4.47,23.4,1689319162.704
286,-3.35,16.41,1689319162.713
287,-3.75,11.11,1689319162.717
288,0.54,10.85,1689319162.727
289,4.83,14.6,1689319162.728
290,3.68,12.98,1689319162.728
291,0.43,12.55,1689319162.732
292,-5.81,9.7,1689319162.732
293,-5.37,6.85,1689319162.732
294,-1.15,5.91,1689319162.733
295,2.56,4.11,1689319162.737
296,0.04,-2.96,1689319162.742
297,-7.72,-11.39,1689319162.748
298,-15.83,-21.17,1689319162.749
299,-19.18,-27.23,1689319162.757
300,-15.76,-26.5,1689319162.764
301,-7.97,-24.41,1689319162.766
302,-3.75,-22.72,1689319162.766
303,-2.13,-22.9,1689319162.768
304,-2.63,-26.07,1689319162.779
305,-1.05,-28.13,1689319162.781
306,2.56,-28.96,1689319162.788
307,8.4,-26.43,1689319162.788
308,12.87,-23.91,1689319162.79
309,15.69,-21.85,1689319162.816
310,15.51,-18.68,1689319162.856
311,13.13,-21.92,1689319162.856
312,8.94,-29.71,1689319162.859
313,2.78,-40.1,1689319162.859
314,-2.7,-49.58,1689319162.859
315,-3.89,-50.56,1689319162.859
316,0.25,-45.15,1689319162.859
317,8.22,-31.77,1689319162.859
318,16.19,-23.62,1689319162.867
319,18.28,-21.82,1689319162.867
320,11.65,-30.04,1689319162.867
321,2.42,-38.12,1689319162.867
322,-5.52,-42.73,1689319162.868
323,-7.32,-39.52,1689319162.868
324,-7.14,-35.16,1689319162.868
325,-6.6,-34.91,1689319162.872
326,-7.54,-40.6,1689319162.872
327,-8.62,-45.0,1689319162.872
328,-6.24,-44.46,1689319162.872
329,-2.02,-35.66,1689319162.873
330,2.81,-26.07,1689319162.884
331,4.36,-21.17,1689319162.884
332,5.41,-27.55,1689319162.887
333,3.35,-48.18,1689319162.887
334,0.72,-72.84,1689319162.89
335,-3.17,-95.99,1689319162.901
336,-4.83,-100.25,1689319162.903
337,-0.87,-82.94,1689319162.905
338,8.83,-53.8,1689319162.916
339,21.67,-27.08,1689319162.917
340,33.75,-8.4,1689319162.92
341,36.85,-5.26,1689319162.926
342,31.16,-7.72,1689319162.926
343,19.83,-10.96,1689319162.928
344,7.97,-14.14,1689319162.936
345,2.34,-18.68,1689319162.94
346,2.49,-17.49,1689319162.94
347,6.92,-17.53,1689319162.944
348,11.43,-12.51,1689319162.951
349,11.43,-11.32,1689319162.956
350,11.25,-14.57,1689319162.957
351,9.66,-18.25,1689319162.959
352,8.76,-25.96,1689319162.968
353,4.11,-31.34,1689319162.971
354,-2.85,-36.6,1689319162.975
355,-14.21,-44.53,1689319162.979
356,-22.75,-50.66,1689319162.988
357,-25.89,-52.18,1689319162.989
358,-23.11,-52.07,1689319162.991
359,-18.43,-45.11,1689319162.993
360,-15.69,-42.12,1689319162.997
361,-17.27,-39.95,1689319163.006
362,-20.7,-41.97,1689319163.008
363,-21.74,-44.5,1689319163.01
364,-19.54,-43.24,1689319163.012
365,-14.93,-40.64,1689319163.016
366,-11.43,-36.64,1689319163.022
367,-10.1,-34.33,1689319163.026
368,-11.97,-35.99,1689319163.031
369,-15.4,-39.56,1689319163.039
370,-17.53,-42.41,1689319163.041
371,-16.26,-43.02,1689319163.045
372,-12.95,-42.01,1689319163.05
373,-6.53,-40.57,1689319163.056
374,-0.4,-37.29,1689319163.057
375,5.95,-34.47,1689319163.059
376,8.04,-33.86,1689319163.062
377,6.2,-36.53,1689319163.082
378,1.51,-44.57,1689319163.085
379,-5.05,-52.5,1689319163.098
380,-10.31,-61.88,1689319163.102
381,-8.87,-63.36,1689319163.102
382,-5.77,-63.68,1689319163.104
383,-1.3,-63.57,1689319163.104
384,1.59,-62.31,1689319163.104
385,2.92,-64.33,1689319163.104
386,3.28,-64.26,1689319163.109
387,3.28,-64.84,1689319163.111
388,5.05,-65.88,1689319163.111
389,5.05,-65.41,1689319163.114
390,5.26,-64.73,1689319163.114
391,5.3,-66.06,1689319163.12
392,6.09,-66.49,1689319163.125
393,6.53,-72.23,1689319163.127
394,5.99,-80.67,1689319163.133
395,4.36,-90.33,1689319163.135
396,3.28,-94.48,1689319163.137
397,3.75,-95.88,1689319163.146
398,4.87,-97.87,1689319163.153
399,7.1,-99.38,1689319163.183
400,7.0,-104.75,1689319163.184
401,5.95,-106.92,1689319163.208
402,4.9,-104.54,1689319163.236
403,6.53,-99.06,1689319163.236
404,10.64,-96.5,1689319163.248
405,14.39,-98.12,1689319163.254
406,18.46,-100.93,1689319163.254
407,19.36,-102.05,1689319163.256
408,17.09,-102.16,1689319163.256
409,13.59,-101.18,1689319163.256
410,10.71,-100.97,1689319163.256
411,11.97,-99.81,1689319163.256
412,14.82,-96.32,1689319163.256
413,18.43,-88.35,1689319163.256
414,19.62,-83.8,1689319163.256
415,15.76,-83.19,1689319163.257
416,11.0,-90.08,1689319163.257
417,6.71,-98.3,1689319163.259
418,5.48,-104.54,1689319163.26
419,9.38,-102.05,1689319163.26
420,17.92,-92.1,1689319163.261
421,26.9,-75.29,1689319163.261
422,30.94,-67.32,1689319163.261
423,26.61,-67.68,1689319163.267
424,15.29,-74.79,1689319163.267
425,7.25,-84.67,1689319163.267
426,6.67,-85.25,1689319163.267
427,13.92,-76.63,1689319163.269
428,21.53,-68.23,1689319163.273
429,24.3,-64.94,1689319163.273
430,19.15,-69.52,1689319163.276
431,12.12,-76.81,1689319163.285
432,6.78,-82.72,1689319163.288
433,2.85,-84.63,1689319163.291
434,2.16,-82.43,1689319163.293
435,2.38,-82.97,1689319163.295
436,3.75,-86.33,1689319163.302
437,3.21,-89.75,1689319163.306
438,1.44,-94.41,1689319163.311
439,-3.5,-96.14,1689319163.314
440,-10.17,-91.99,1689319163.32
441,-11.68,-86.94,1689319163.322
442,-8.76,-79.04,1689319163.324
443,-2.49,-73.67,1689319163.336
444,2.96,-71.18,1689319163.339
445,2.88,-71.87,1689319163.341
446,-0.69,-72.66,1689319163.346
447,-3.86,-71.4,1689319163.348
448,-3.68,-67.07,1689319163.354
449,-0.5,-63.97,1689319163.36
450,0.61,-61.84,1689319163.361
451,0.58,-61.99,1689319163.361
452,-0.36,-61.66,1689319163.364
453,0.87,-57.84,1689319163.375
454,4.47,-48.36,1689319163.377
455,6.71,-41.22,1689319163.378
456,5.84,-34.91,1689319163.388
457,3.79,-33.79,1689319163.391
458,-1.55,-37.18,1689319163.393
459,-7.9,-42.88,1689319163.394
460,-12.87,-44.5,1689319163.397
461,-13.05,-40.75,1689319163.399
462,-3.68,-31.12,1689319163.408
463,11.79,-18.1,1689319163.413
464,25.6,-7.86,1689319163.415
465,30.65,-5.84,1689319163.416
466,24.38,-10.78,1689319163.427
467,12.37,-14.28,1689319163.429
468,6.09,-18.03,1689319163.43
469,7.25,-11.86,1689319163.433
470,13.96,-7.25,1689319163.442
471,23.11,1.33,1689319163.446
472,29.86,5.01,1689319163.451
473,30.94,7.86,1689319163.452
474,28.31,9.23,1689319163.454
475,23.22,7.32,1689319163.465
476,17.16,6.38,1689319163.466
477,13.23,4.72,1689319163.468
478,11.47,7.18,1689319163.476
479,14.68,14.06,1689319163.48
480,20.66,21.13,1689319163.482
481,26.25,29.21,1689319163.483
482,30.07,32.31,1689319163.496
483,30.36,31.66,1689319163.497
484,27.69,31.44,1689319163.498
485,28.27,29.79,1689319163.501
486,30.4,29.89,1689319163.503
487,33.46,30.15,1689319163.511
488,32.27,29.14,1689319163.515
489,26.0,25.1,1689319163.517
490,19.91,20.01,1689319163.518
491,18.03,17.92,1689319163.521
492,23.4,19.22,1689319163.546
493,30.61,22.43,1689319163.596
494,34.58,25.64,1689319163.598
495,31.37,23.76,1689319163.608
496,23.73,17.71,1689319163.608
497,19.87,13.92,1689319163.609
498,22.36,14.86,1689319163.609
499,32.2,21.28,1689319163.609
500,46.66,32.45,1689319163.617
501,58.09,42.73,1689319163.617
502,61.48,46.77,1689319163.617
503,57.77,45.8,1689319163.618
504,48.64,39.27,1689319163.618
505,41.22,33.9,1689319163.618
506,41.32,31.23,1689319163.62
507,46.26,31.91,1689319163.623
508,54.63,31.12,1689319163.626
509,59.32,27.01,1689319163.628
510,58.06,19.69,1689319163.628
511,54.85,16.44,1689319163.628
512,50.2,13.52,1689319163.631
513,48.39,13.92,1689319163.635
514,48.64,12.26,1689319163.635
515,50.88,8.11,1689319163.636
516,54.59,5.26,1689319163.636
517,58.89,3.14,1689319163.636
518,60.73,4.07,1689319163.636
519,60.36,2.7,1689319163.648
520,52.9,-5.55,1689319163.65
521,42.01,-18.97,1689319163.652
522,30.04,-36.67,1689319163.655
523,27.08,-46.26,1689319163.66
524,35.88,-43.38,1689319163.662
525,58.53,-30.22,1689319163.662
526,83.3,-12.48,1689319163.662
527,99.92,-4.4,1689319163.662
528,98.16,-12.3,1689319163.673
529,83.98,-27.44,1689319163.674
530,67.29,-42.88,1689319163.686
531,60.76,-45.72,1689319163.688
532,63.68,-38.37,1689319163.69
533,71.8,-33.18,1689319163.693
534,73.71,-34.58,1689319163.696
535,65.95,-48.5,1689319163.703
536,54.38,-68.33,1689319163.705
537,46.7,-78.68,1689319163.714
538,46.48,-78.03,1689319163.719
539,57.01,-66.21,1689319163.722
540,69.49,-50.92,1689319163.724
541,79.51,-41.18,1689319163.727
542,79.48,-42.55,1689319163.729
543,71.8,-51.96,1689319163.73
544,58.2,-63.9,1689319163.738
545,49.08,-71.47,1689319163.741
546,44.46,-71.25,1689319163.744
547,48.18,-65.99,1689319163.75
548,53.04,-59.17,1689319163.755
549,53.62,-55.89,1689319163.757
550,49.47,-55.6,1689319163.763
551,40.32,-60.73,1689319163.764
552,33.28,-67.72,1689319163.767
553,27.73,-71.11,1689319163.772
554,28.05,-69.49,1689319163.777
555,32.42,-65.38,1689319163.778
556,35.59,-59.43,1689319163.78
557,41.97,-51.31,1689319163.79
558,46.08,-45.83,1689319163.793
559,49.94,-39.92,1689319163.8
560,49.15,-36.67,1689319163.801
561,46.23,-40.42,1689319163.808
562,41.87,-46.48,1689319163.813
563,40.21,-54.88,1689319163.817
564,41.07,-54.88,1689319163.818
565,45.26,-50.16,1689319163.827
566,46.34,-43.31,1689319163.829
567,45.47,-39.52,1689319163.83
568,41.76,-41.07,1689319163.832
569,36.46,-47.53,1689319163.86
570,31.73,-53.4,1689319163.862
571,29.03,-52.14,1689319163.869
572,27.73,-49.29,1689319163.878
573,29.1,-42.23,1689319163.878
574,31.99,-38.04,1689319163.881
575,36.93,-35.12,1689319163.881
576,44.57,-33.28,1689319163.882
577,54.2,-26.65,1689319163.882
578,60.76,-20.12,1689319163.882
579,63.18,-17.74,1689319163.882
580,57.88,-16.12,1689319163.888
581,50.74,-19.72,1689319163.89
582,42.98,-20.09,1689319163.891
583,42.88,-18.79,1689319163.891
584,46.66,-14.57,1689319163.946
585,52.11,-15.29,1689319163.952
586,55.53,-19.91,1689319163.954
587,53.48,-28.16,1689319163.967
588,49.69,-32.02,1689319163.967
589,47.92,-31.52,1689319163.97
590,48.83,-26.04,1689319163.97
591,48.64,-24.12,1689319163.97
592,43.6,-31.41,1689319163.97
593,30.8,-44.21,1689319163.97
594,20.45,-55.06,1689319163.97
595,22.39,-54.67,1689319163.97
596,45.94,-32.99,1689319163.97
597,88.13,2.6,1689319163.97
598,136.45,44.35,1689319163.97
599,174.78,81.64,1689319163.97
600,200.64,106.95,1689319163.971
601,218.6,124.26,1689319163.971
602,246.29,146.48,1689319163.974
603,288.7,174.82,1689319163.984
604,342.61,214.81,1689319163.984
605,392.51,255.12,1689319163.987
606,431.13,284.59,1689319163.99
607,457.75,302.98,1689319163.991
608,480.93,310.91,1689319163.994
609,499.86,311.7,1689319164.004
610,512.45,309.18,1689319164.004
611,513.6,305.82,1689319164.007
612,508.45,300.63,1689319164.013
613,504.7,294.07,1689319164.016
614,508.7,282.17,1689319164.017
615,511.37,259.81,1689319164.02
616,502.03,225.45,1689319164.026
617,474.15,184.34,1689319164.026
618,438.17,139.52,1689319164.038
619,413.64,99.38,1689319164.04
620,409.64,70.75,1689319164.044
621,420.46,57.12,1689319164.044
622,427.46,58.85,1689319164.054
623,418.58,66.24,1689319164.057
624,397.45,68.59,1689319164.058
625,378.41,60.29,1689319164.06
626,374.12,46.95,1689319164.062
627,378.77,38.3,1689319164.066
628,382.42,38.22,1689319164.072
629,373.55,43.45,1689319164.076
630,354.58,44.03,1689319164.08
631,333.99,34.8,1689319164.082
632,321.26,24.56,1689319164.091
633,315.81,17.92,1689319164.093
634,312.03,12.04,1689319164.098
635,301.06,8.08,1689319164.107
636,279.68,-3.03,1689319164.11
637,253.21,-24.52,1689319164.11
638,229.09,-50.02,1689319164.112
639,216.11,-71.51,1689319164.114
640,212.03,-75.83,1689319164.123
641,212.9,-68.44,1689319164.124
642,210.73,-54.67,1689319164.131
643,203.45,-43.45,1689319164.134
644,189.31,-50.38,1689319164.134
645,175.32,-61.99,1689319164.146
646,162.56,-73.31,1689319164.151
647,158.34,-72.7,1689319164.152
648,160.97,-66.96,1689319164.159
649,165.84,-62.06,1689319164.16
650,167.35,-66.46,1689319164.163
651,159.53,-77.57,1689319164.167
652,144.89,-89.46,1689319164.167
653,131.47,-95.81,1689319164.169
654,126.57,-95.49,1689319164.177
655,131.66,-90.08,1689319164.18
656,141.39,-79.55,1689319164.188
657,148.93,-63.0,1689319164.188
658,153.25,-43.13,1689319164.197
659,162.56,-25.13,1689319164.199
660,182.79,-14.03,1689319164.201
661,212.47,-8.65,1689319164.212
662,236.48,-4.83,1689319164.214
663,244.41,2.7,1689319164.216
664,236.7,12.69,1689319164.219
665,231.04,22.43,1689319164.219
666,242.47,24.59,1689319164.223
667,269.26,23.76,1689319164.229
668,294.79,21.13,1689319164.231
669,304.27,16.7,1689319164.233
670,293.42,14.75,1689319164.247
671,276.69,9.09,1689319164.249
672,266.38,3.61,1689319164.251
673,265.44,-2.31,1689319164.278
674,268.39,-8.29,1689319164.28
675,266.05,-15.87,1689319164.281
676,255.49,-24.3,1689319164.331
677,242.9,-36.6,1689319164.333
678,237.67,-47.38,1689319164.336
679,239.04,-57.52,1689319164.337
680,244.13,-61.92,1689319164.338
681,241.31,-65.74,1689319164.339
682,230.06,-69.42,1689319164.339
683,212.9,-71.47,1689319164.339
684,202.51,-74.86,1689319164.339
685,203.13,-76.59,1689319164.339
686,208.9,-79.04,1689319164.34
687,214.77,-80.59,1689319164.34
688,214.48,-85.71,1689319164.34
689,211.78,-86.72,1689319164.341
690,206.88,-88.24,1689319164.341
691,205.79,-85.53,1689319164.351
692,205.36,-85.35,1689319164.354
693,206.05,-84.24,1689319164.354
694,208.75,-82.51,1689319164.355
695,212.14,-80.49,1689319164.355
696,214.27,-76.74,1689319164.355
697,212.07,-74.14,1689319164.355
698,206.34,-74.72,1689319164.357
699,200.53,-74.54,1689319164.376
700,199.81,-73.27,1689319164.379
701,205.94,-70.61,1689319164.387
702,215.21,-65.63,1689319164.398
703,222.49,-61.48,1689319164.401
704,224.22,-58.06,1689319164.401
705,225.01,-55.1,1689319164.402
706,231.72,-46.84,1689319164.402
707,242.54,-36.38,1689319164.402
708,254.66,-26.47,1689319164.402
709,259.42,-15.87,1689319164.403
710,256.71,-11.83,1689319164.403
711,248.38,-9.48,1689319164.407
712,243.08,-2.63,1689319164.408
713,241.39,2.38,1689319164.41
714,241.24,6.53,1689319164.421
715,238.68,5.45,1689319164.422
716,234.5,1.69,1689319164.428
717,227.9,-2.74,1689319164.43
718,221.44,-0.47,1689319164.431
719,217.69,3.57,1689319164.441
720,216.25,7.14,1689319164.442
721,217.73,9.41,1689319164.443
722,220.22,9.74,1689319164.451
723,223.18,9.95,1689319164.454
724,223.54,11.76,1689319164.457
725,218.6,12.69,1689319164.461
726,211.13,10.49,1689319164.464
727,200.46,7.9,1689319164.472
728,193.28,5.52,1689319164.503
729,188.7,3.32,1689319164.508
730,187.22,3.89,1689319164.508
731,186.68,8.33,1689319164.513
732,185.89,13.7,1689319164.517
733,188.56,25.28,1689319164.517
734,197.57,36.13,1689319164.519
735,210.23,49.62,1689319164.521
736,222.31,62.71,1689319164.521
737,229.05,71.94,1689319164.521
738,230.53,84.38,1689319164.522
739,232.01,103.2,1689319164.522
740,240.92,129.35,1689319164.527
741,255.77,161.04,1689319164.528
742,267.78,190.18,1689319164.53
743,273.15,212.65,1689319164.536
744,266.81,225.84,1689319164.544
745,253.21,232.59,1689319164.546
746,238.25,239.01,1689319164.548
747,225.05,237.38,1689319164.552
748,206.34,226.46,1689319164.552
749,184.12,209.33,1689319164.558
750,158.05,187.44,1689319164.562
751,130.18,165.77,1689319164.563
752,99.78,144.74,1689319164.565
753,63.83,121.99,1689319164.569
754,21.28,93.76,1689319164.579
755,-24.23,63.57,1689319164.581
756,-67.94,31.23,1689319164.586
757,-105.94,-2.52,1689319164.597
758,-142.91,-37.57,1689319164.601
759,-176.44,-76.63,1689319164.601
760,-209.58,-115.9,1689319164.61
761,-237.89,-150.51,1689319164.61
762,-266.7,-185.96,1689319164.611
763,-298.04,-217.59,1689319164.616
764,-332.51,-245.64,1689319164.617
765,-364.71,-267.96,1689319164.62
766,-387.28,-278.24,1689319164.649
767,-400.99,-283.54,1689319164.65
768,-408.16,-290.68,1689319164.691
769,-419.31,-303.05,1689319164.692
770,-434.63,-320.47,1689319164.695
771,-450.43,-335.86,1689319164.697
772,-464.06,-345.64,1689319164.698
773,-471.81,-355.3,1689319164.699
774,-477.47,-368.61,1689319164.699
775,-480.25,-381.3,1689319164.7
776,-478.88,-389.23,1689319164.706
777,-472.85,-384.9,1689319164.706
778,-458.36,-370.7,1689319164.706
779,-441.95,-353.89,1689319164.706
780,-427.38,-337.09,1689319164.706
781,-415.09,-322.45,1689319164.707
782,-400.37,-304.96,1689319164.707
783,-382.42,-280.11,1689319164.707
784,-359.59,-255.2,1689319164.707
785,-338.57,-233.16,1689319164.707
786,-324.18,-221.59,1689319164.707
787,-317.08,-215.1,1689319164.709
788,-309.61,-209.72,1689319164.718
789,-297.35,-199.16,1689319164.725
790,-281.23,-182.46,1689319164.725
791,-262.66,-166.06,1689319164.726
792,-250.54,-152.89,1689319164.736
793,-245.17,-144.74,1689319164.737
794,-243.3,-136.41,1689319164.741
795,-239.91,-128.45,1689319164.746
796,-231.18,-116.62,1689319164.746
797,-217.59,-105.58,1689319164.748
798,-201.07,-95.23,1689319164.756
799,-189.31,-89.0,1689319164.76
800,-181.45,-87.23,1689319164.76
801,-178.79,-89.54,1689319164.763
802,-179.43,-89.93,1689319164.773
803,-178.93,-88.53,1689319164.776
804,-178.97,-80.56,1689319164.781
805,-180.26,-71.76,1689319164.783
806,-181.13,-65.45,1689319164.786
807,-184.63,-65.38,1689319164.79
808,-185.1,-71.51,1689319164.796
809,-185.17,-78.47,1689319164.797
810,-182.97,-79.44,1689319164.806
811,-181.38,-74.97,1689319164.809
812,-185.67,-68.33,1689319164.813
813,-193.39,-65.2,1689319164.813
814,-202.12,-67.54,1689319164.823
815,-207.34,-68.91,1689319164.828
816,-205.54,-66.75,1689319164.83
817,-199.02,-58.16,1689319164.833
818,-192.2,-48.75,1689319164.835
819,-188.74,-40.71,1689319164.843
820,-184.66,-35.52,1689319164.846
821,-178.53,-30.51,1689319164.85
822,-171.25,-22.5,1689319164.851
823,-167.97,-19.04,1689319164.86
824,-170.13,-18.46,1689319164.861
825,-179.58,-22.65,1689319164.863
826,-189.57,-29.03,1689319164.866
827,-195.01,-30.29,1689319164.876
828,-194.62,-25.06,1689319164.877
829,-190.29,-17.45,1689319164.88
830,-184.66,-7.21,1689319164.884
831,-175.94,2.27,1689319164.886
832,-164.83,9.77,1689319164.887
833,-154.34,18.75,1689319164.895
834,-146.19,24.34,1689319164.898
835,-145.83,25.17,1689319164.901
836,-154.7,23.48,1689319164.904
837,-165.23,15.0,1689319164.911
838,-172.04,12.12,1689319164.917
839,-171.5,11.0,1689319164.918
840,-162.99,10.96,1689319164.921
841,-153.94,12.91,1689319164.926
842,-146.84,11.11,1689319164.928
843,-144.2,6.82,1689319164.935
844,-146.26,4.11,1689319164.935
845,-146.66,1.15,1689319164.938
846,-145.79,-3.82,1689319164.95
847,-144.17,-8.44,1689319164.952
848,-139.37,-15.69,1689319164.953
849,-133.17,-20.48,1689319164.964
850,-131.08,-23.44,1689319164.964
851,-130.36,-19.18,1689319164.968
852,-134.07,-14.24,1689319164.97
853,-139.48,-7.39,1689319164.981
854,-144.42,-2.88,1689319164.982
855,-147.09,-2.6,1689319164.984
856,-143.74,-4.65,1689319164.988
857,-138.54,-6.89,1689319164.99
858,-133.1,-5.7,1689319164.992
859,-132.05,-6.17,1689319165.02
860,-136.49,-5.77,1689319165.046
861,-144.02,-7.21,1689319165.061
862,-146.19,-7.68,1689319165.069
863,-143.3,-6.92,1689319165.071
864,-136.45,-5.55,1689319165.072
865,-132.16,-7.72,1689319165.072
866,-130.83,-12.44,1689319165.072
867,-130.54,-17.96,1689319165.072
868,-127.4,-16.91,1689319165.072
869,-121.31,-16.15,1689319165.072
870,-116.4,-11.79,1689319165.072
871,-115.07,-10.17,1689319165.072
872,-113.59,-8.4,1689319165.072
873,-113.26,-4.83,1689319165.073
874,-110.45,0.72,1689319165.073
875,-107.13,7.14,1689319165.075
876,-105.58,8.33,1689319165.084
877,-106.41,6.96,1689319165.084
878,-109.41,2.24,1689319165.084
879,-117.05,-5.7,1689319165.084
880,-125.6,-12.15,1689319165.086
881,-131.62,-13.56,1689319165.088
882,-131.94,-12.3,1689319165.089
883,-124.59,-5.59,1689319165.091
884,-115.5,2.49,1689319165.096
885,-113.37,4.9,1689319165.104
886,-116.83,0.5,1689319165.106
887,-122.32,-8.87,1689319165.112
888,-118.96,-14.75,1689319165.113
889,-104.0,-15.54,1689319165.139
890,-84.81,-8.8,1689319165.147
891,-76.01,-3.17,1689319165.15
892,-86.0,-9.23,1689319165.158
893,-108.87,-24.34,1689319165.16
894,-131.29,-40.86,1689319165.161
895,-140.27,-49.69,1689319165.162
896,-138.79,-46.55,1689319165.162
897,-134.5,-39.23,1689319165.162
898,-136.85,-36.93,1689319165.163
899,-139.8,-36.85,1689319165.163
900,-140.27,-36.89,1689319165.164
901,-132.3,-30.58,1689319165.166
902,-124.33,-20.81,1689319165.174
903,-121.02,-13.02,1689319165.178
904,-122.46,-7.83,1689319165.184
905,-124.19,-5.59,1689319165.184
906,-122.53,-5.52,1689319165.189
907,-117.34,-2.99,1689319165.193
908,-116.22,-4.8,1689319165.2
909,-121.59,-10.46,1689319165.201
910,-131.08,-17.02,1689319165.202
911,-140.17,-25.82,1689319165.209
912,-145.57,-32.99,1689319165.213
913,-141.93,-38.69,1689319165.215
914,-131.98,-37.79,1689319165.216
915,-121.77,-35.95,1689319165.217
916,-117.12,-32.56,1689319165.228
917,-122.75,-34.51,1689319165.231
918,-135.12,-40.6,1689319165.236
919,-144.67,-46.19,1689319165.238
920,-143.09,-47.2,1689319165.244
921,-131.47,-43.56,1689319165.253
922,-118.64,-40.71,1689319165.253
923,-111.89,-40.89,1689319165.262
924,-115.07,-44.71,1689319165.263
925,-119.5,-45.87,1689319165.271
926,-119.72,-44.53,1689319165.274
927,-114.42,-37.83,1689319165.274
928,-106.74,-30.69,1689319165.276
929,-102.81,-27.51,1689319165.284
930,-103.17,-24.63,1689319165.284
931,-105.94,-24.85,1689319165.284
932,-106.3,-25.82,1689319165.287
933,-104.47,-27.62,1689319165.296
934,-102.3,-28.02,1689319165.3
935,-99.02,-27.84,1689319165.301
936,-99.96,-29.46,1689319165.311
937,-102.19,-32.35,1689319165.314
938,-105.48,-37.0,1689319165.318
939,-111.28,-44.89,1689319165.323
940,-119.18,-51.42,1689319165.324
941,-126.79,-57.66,1689319165.331
942,-129.31,-57.16,1689319165.334
943,-123.47,-53.12,1689319165.334
944,-111.71,-42.84,1689319165.337
945,-99.38,-34.69,1689319165.34
946,-95.31,-31.7,1689319165.35
947,-99.17,-35.23,1689319165.357
948,-106.56,-39.34,1689319165.386
949,-110.09,-40.17,1689319165.414
950,-106.7,-37.5,1689319165.42
951,-101.76,-32.89,1689319165.42
952,-97.98,-31.55,1689319165.423
953,-99.71,-32.71,1689319165.424
954,-103.78,-35.7,1689319165.431
955,-107.64,-35.05,1689319165.431
956,-104.07,-28.2,1689319165.432
957,-96.68,-19.04,1689319165.432
958,-85.5,-10.02,1689319165.432
959,-77.2,-6.27,1689319165.432
960,-74.93,-8.33,1689319165.432
961,-76.63,-13.92,1689319165.433
962,-81.71,-21.53,1689319165.434
963,-86.08,-23.58,1689319165.435
964,-89.9,-25.17,1689319165.436
965,-93.14,-26.68,1689319165.437
966,-94.41,-26.5,1689319165.437
967,-93.29,-25.46,1689319165.438
968,-88.64,-23.76,1689319165.438
969,-83.98,-22.5,1689319165.44
970,-81.64,-20.63,1689319165.442
971,-84.67,-22.39,1689319165.444
972,-89.25,-26.65,1689319165.457
973,-90.73,-27.37,1689319165.459
974,-87.88,-26.58,1689319165.471
975,-80.09,-25.21,1689319165.472
976,-73.56,-20.73,1689319165.476
977,-68.95,-16.7,1689319165.479
978,-69.02,-16.95,1689319165.48
979,-69.88,-17.71,1689319165.48
980,-71.87,-19.33,1689319165.489
981,-75.58,-23.76,1689319165.491
982,-78.0,-25.67,1689319165.492
983,-79.44,-24.63,1689319165.496
984,-81.39,-20.45,1689319165.506
985,-83.66,-21.13,1689319165.507
986,-89.83,-21.82,1689319165.509
987,-95.56,-24.16,1689319165.516
988,-98.95,-23.98,1689319165.517
989,-93.86,-16.84,1689319165.519
990,-86.62,-8.19,1689319165.526
991,-80.56,-2.02,1689319165.528
992,-80.41,-2.78,1689319165.531
993,-85.03,-9.99,1689319165.543
994,-89.25,-16.48,1689319165.546
995,-90.62,-20.48,1689319165.547
996,-89.25,-19.0,1689319165.55
997,-86.72,-18.17,1689319165.552
998,-85.61,-19.04,1689319165.562
999,-84.42,-21.38,1689319165.564
1000,-82.36,-27.66,1689319165.577
1001,-80.34,-32.02,1689319165.58
1002,-75.83,-30.72,1689319165.58
1003,-72.81,-25.89,1689319165.58
1004,-67.68,-19.04,1689319165.583
1005,-63.5,-15.33,1689319165.584
1006,-57.73,-11.07,1689319165.586
1007,-52.76,-7.9,1689319165.596
1008,-48.93,-4.33,1689319165.598
1009,-46.01,-0.58,1689319165.603
1010,-48.07,1.19,1689319165.603
1011,-51.89,-3.25,1689319165.606
1012,-58.27,-7.5,1689319165.612
1013,-63.61,-8.55,1689319165.614
1014,-61.81,-3.82,1689319165.616
1015,-58.74,2.74,1689319165.618
1016,-53.55,8.4,1689319165.63
1017,-52.0,8.98,1689319165.633
1018,-55.93,4.22,1689319165.637
1019,-62.38,-0.18,1689319165.639
1020,-70.03,-2.96,1689319165.646
1021,-74.46,-2.99,1689319165.65
1022,-76.56,-0.94,1689319165.652
1023,-75.0,1.15,1689319165.652
1024,-71.62,3.57,1689319165.655
1025,-65.88,8.8,1689319165.666
1026,-58.92,14.89,1689319165.684
1027,-55.06,18.25,1689319165.688
1028,-53.37,21.06,1689319165.691
1029,-53.98,18.75,1689319165.702
1030,-56.69,19.58,1689319165.703
1031,-58.85,17.2,1689319165.704
1032,-57.01,19.62,1689319165.704
1033,-55.06,19.36,1689319165.704
1034,-50.95,20.55,1689319165.704
1035,-47.85,22.68,1689319165.714
1036,-45.76,21.85,1689319165.716
1037,-47.35,20.55,1689319165.719
1038,-52.14,14.39,1689319165.721
1039,-57.34,9.38,1689319165.722
1040,-58.6,4.72,1689319165.749
1041,-53.37,7.03,1689319165.752
1042,-43.38,10.2,1689319165.809
1043,-34.55,11.65,1689319165.823
1044,-36.13,5.91,1689319165.827
1045,-47.74,-6.6,1689319165.827
1046,-66.17,-20.27,1689319165.827
1047,-81.93,-32.49,1689319165.827
1048,-88.13,-35.95,1689319165.828
1049,-78.03,-28.52,1689319165.828
1050,-48.68,-4.98,1689319165.828
1051,-9.12,31.41,1689319165.828
1052,30.8,71.62,1689319165.828
1053,54.56,98.01,1689319165.831
1054,52.25,101.54,1689319165.831
1055,35.16,86.65,1689319165.831
1056,17.06,71.76,1689319165.831
1057,12.77,68.33,1689319165.831
1058,24.41,78.36,1689319165.831
1059,44.32,91.99,1689319165.831
1060,65.41,103.13,1689319165.837
1061,81.46,107.28,1689319165.837
1062,87.34,102.34,1689319165.838
1063,77.75,86.26,1689319165.839
1064,50.45,57.12,1689319165.839
1065,12.8,22.36,1689319165.84
1066,-19.22,-5.05,1689319165.84
1067,-36.53,-17.85,1689319165.84
1068,-35.7,-18.53,1689319165.84
1069,-28.81,-12.19,1689319165.841
1070,-24.05,-12.44,1689319165.847
1071,-27.12,-15.76,1689319165.848
1072,-32.38,-25.31,1689319165.854
1073,-35.88,-39.56,1689319165.857
1074,-36.85,-71.72,1689319165.866
1075,-36.78,-133.35,1689319165.867
1076,-37.83,-224.22,1689319165.873
1077,-41.22,-312.35,1689319165.875
1078,-40.21,-344.45,1689319165.877
1079,-34.76,-290.07,1689319165.884
1080,-27.69,-171.14,1689319165.887
1081,-19.44,-48.46,1689319165.894
1082,-11.0,17.96,1689319165.896
1083,-2.81,16.23,1689319165.899
1084,4.36,-10.57,1689319165.899
1085,2.96,-20.88,1689319165.901
1086,-10.17,-7.25,1689319165.91
1087,-30.0,14.86,1689319165.914
1088,-44.93,20.55,1689319165.924
1089,-45.18,10.13,1689319165.928
1090,-37.03,1.44,1689319165.929
1091,-28.49,-0.69,1689319165.932
1092,-32.92,2.6,1689319165.934
1093,-45.47,4.58,1689319165.943
1094,-54.09,4.29,1689319165.944
1095,-45.22,7.43,1689319165.95
1096,-13.05,27.69,1689319165.954
1097,37.75,67.04,1689319165.954
1098,94.77,119.07,1689319165.96
1099,146.48,172.11,1689319165.961
1100,184.12,213.08,1689319165.963
1101,206.3,236.59,1689319165.969
1102,218.88,246.36,1689319165.979
1103,222.89,251.16,1689319165.984
1104,221.95,253.97,1689319165.99
1105,213.58,252.82,1689319165.99
1106,199.34,243.48,1689319165.99
1107,182.61,227.79,1689319165.998
1108,170.6,210.63,1689319165.999
1109,160.47,195.81,1689319166.003
1110,149.0,179.4,1689319166.007
1111,129.67,160.68,1689319166.014
1112,104.14,135.19,1689319166.016
1113,77.2,102.23,1689319166.018
1114,54.45,68.08,1689319166.022
1115,38.37,40.03,1689319166.024
1116,25.42,18.39,1689319166.03
1117,11.72,2.42,1689319166.032
1118,1.15,-8.8,1689319166.036
1119,-5.16,-17.02,1689319166.036
1120,-4.47,-26.04,1689319166.041
1121,1.26,-28.38,1689319166.05
1122,4.87,-30.0,1689319166.053
1123,-3.5,-36.89,1689319166.055
1124,-23.58,-48.07,1689319166.058
1125,-48.0,-61.84,1689319166.068
1126,-67.43,-71.18,1689319166.07
1127,-76.52,-71.8,1689319166.076
1128,-78.68,-70.17,1689319166.076
1129,-80.7,-69.31,1689319166.082
1130,-89.14,-74.07,1689319166.084
1131,-98.59,-84.52,1689319166.088
1132,-108.18,-93.11,1689319166.088
1133,-114.89,-102.52,1689319166.093
1134,-118.35,-107.31,1689319166.12
1135,-115.72,-108.68,1689319166.159
1136,-104.47,-108.47,1689319166.163
1137,-81.24,-140.31,1689319166.169
1138,-54.38,-274.71,1689319166.176
1139,-33.39,-590.81,1689319166.178
1140,-24.56,-590.81,1689319166.178
1141,-28.6,-590.81,1689319166.179
1142,-41.69,-590.81,1689319166.18
1143,-59.5,-590.81,1689319166.18
1144,-76.74,-590.81,1689319166.18
1145,-92.28,-570.54,1689319166.18
1146,-103.06,-99.2,1689319166.182
1147,-105.73,6.74,1689319166.182
1148,-101.76,-116.44,1689319166.182
1149,-95.92,-214.74,1689319166.182
1150,-90.22,-145.25,1689319166.182
1151,-89.25,19.83,1689319166.183
1152,-91.66,140.02,1689319166.183
1153,-95.23,139.91,1689319166.191
1154,-99.56,75.08,1689319166.191
1155,-100.1,40.6,1689319166.196
1156,-97.18,67.5,1689319166.199
1157,-93.43,126.1,1689319166.199
1158,-92.39,156.86,1689319166.2
1159,-96.68,147.74,1689319166.208
1160,-106.49,114.42,1689319166.208
1161,-117.77,91.41,1689319166.21
1162,-127.83,87.05,1689319166.212
1163,-133.35,93.94,1689319166.216
1164,-138.51,94.91,1689319166.224
1165,-143.84,82.4,1689319166.231
1166,-147.56,64.15,1689319166.239
1167,-147.99,51.28,1689319166.24
1168,-145.65,52.43,1689319166.246
1169,-144.2,55.82,1689319166.246
1170,-147.45,54.92,1689319166.248
1171,-155.56,42.15,1689319166.254
1172,-164.25,25.78,1689319166.256
1173,-168.72,14.68,1689319166.258
1174,-167.72,6.42,1689319166.262
1175,-166.96,1.62,1689319166.264
1176,-169.81,-8.11,1689319166.276
1177,-184.23,-29.1,1689319166.278
1178,-215.13,-61.95,1689319166.279
1179,-265.69,-114.31,1689319166.287
1180,-330.31,-178.21,1689319166.288
1181,-399.47,-252.46,1689319166.295
1182,-463.77,-322.74,1689319166.298
1183,-518.36,-389.7,1689319166.298
1184,-561.67,-444.69,1689319166.301
1185,-590.81,-489.37,1689319166.312
1186,-590.81,-519.01,1689319166.318
1187,-590.81,-541.04,1689319166.318
1188,-590.81,-557.45,1689319166.318
1189,-590.81,-578.01,1689319166.319
1190,-590.81,-590.81,1689319166.328
1191,-590.81,-590.81,1689319166.331
1192,-590.81,-590.81,1689319166.337
1193,-590.81,-590.81,1689319166.339
1194,-590.81,-590.81,1689319166.34
1195,-590.81,-590.81,1689319166.347
1196,-590.81,-590.81,1689319166.35
1197,-590.81,-590.81,1689319166.352
1198,-590.81,-590.81,1689319166.356
1199,-590.81,-590.81,1689319166.365
1200,-590.81,-584.71,1689319166.366
1201,-581.79,-559.9,1689319166.373
1202,-567.08,-546.02,1689319166.373
1203,-563.47,-542.45,1689319166.379
1204,-567.44,-544.47,1689319166.383
1205,-574.51,-541.44,1689319166.387
1206,-578.11,-533.4,1689319166.388
1207,-579.63,-519.88,1689319166.392
1208,-574.44,-506.79,1689319166.393
1209,-561.35,-493.59,1689319166.432
1210,-542.13,-473.43,1689319166.434
1211,-518.43,-445.92,1689319166.439
1212,-492.62,-405.57,1689319166.44
1213,-466.51,-358.22,1689319166.441
1214,-438.06,-314.55,1689319166.445
1215,-405.96,-279.5,1689319166.446
1216,-370.12,-251.88,1689319166.446
1217,-331.36,-226.56,1689319166.446
1218,-289.71,-195.34,1689319166.446
1219,-244.81,-155.49,1689319166.446
1220,-197.18,-109.77,1689319166.446
1221,-143.92,-63.0,1689319166.451
1222,-89.0,-21.24,1689319166.455
1223,-33.54,15.9,1689319166.456
1224,17.45,42.77,1689319166.457
1225,59.79,61.16,1689319166.486
1226,93.14,74.97,1689319166.489
1227,118.67,91.34,1689319166.522
1228,142.76,116.4,1689319166.524
1229,173.59,158.3,1689319166.531
1230,212.72,211.1,1689319166.532
1231,259.13,264.28,1689319166.532
1232,311.27,316.1,1689319166.533
1233,362.69,363.41,1689319166.534
1234,414.94,413.14,1689319166.541
1235,470.15,470.76,1689319166.542
1236,532.35,536.75,1689319166.543
1237,590.77,590.77,1689319166.544
1238,590.77,590.77,1689319166.544
1239,590.77,590.77,1689319166.544
1240,590.77,590.77,1689319166.544
1241,590.77,590.77,1689319166.544
1242,590.77,590.77,1689319166.544
1243,590.77,590.77,1689319166.546
1244,590.77,590.77,1689319166.548
1245,590.77,590.77,1689319166.548
1246,590.77,590.77,1689319166.549
1247,590.77,590.77,1689319166.92
1248,590.77,590.77,1689319167.952
1249,590.77,590.77,1689319168.968
1250,590.77,590.77,1689319168.968
1251,590.77,590.77,1689319168.968
1252,590.77,590.77,1689319168.968
1253,590.77,590.77,1689319168.968
1254,590.77,590.77,1689319168.968
1255,590.77,590.77,1689319168.968
1256,590.77,590.77,1689319168.968
1257,590.77,590.77,1689319168.968
1258,590.77,590.77,1689319168.968
1259,590.77,590.77,1689319168.968
1260,590.77,590.77,1689319168.968
1261,590.77,590.77,1689319168.968
1262,590.77,590.77,1689319168.968
1263,590.77,590.77,1689319168.968
1264,590.77,590.77,1689319168.968
1265,590.77,590.77,1689319168.968
1266,590.77,590.77,1689319168.968
1267,590.77,590.77,1689319168.968
1268,590.77,590.77,1689319168.968
1269,590.77,590.77,1689319168.968
1270,590.77,590.77,1689319168.968
1271,590.77,590.77,1689319168.968
1272,590.77,590.77,1689319168.968
1273,590.77,590.77,1689319168.968
1274,590.77,590.77,1689319168.968
1275,590.77,590.77,1689319168.968
1276,590.77,590.77,1689319168.968
1277,590.77,590.77,1689319168.968
1278,590.77,590.77,1689319168.968
1279,590.77,590.77,1689319168.968
1280,590.77,590.77,1689319168.968
1281,590.77,590.77,1689319168.968
1282,590.77,590.77,1689319168.968
1283,590.77,590.77,1689319168.968
1284,590.77,590.77,1689319168.968
1285,590.77,590.77,1689319168.968
1286,590.77,590.77,1689319168.968
1287,590.77,590.77,1689319168.968
1288,590.77,590.77,1689319168.968
1289,590.77,590.77,1689319168.968
1290,590.77,590.77,1689319168.968
1291,590.77,590.77,1689319168.968
1292,590.77,590.77,1689319168.968
1293,590.77,590.77,1689319168.968
1294,590.77,590.77,1689319168.968
1295,590.77,590.77,1689319168.968
1296,590.77,590.77,1689319168.968
1297,590.77,590.77,1689319168.968
1298,590.77,590.77,1689319168.968
1299,590.77,590.77,1689319168.968
1300,590.77,590.77,1689319168.968
1301,590.77,590.77,1689319168.968
1302,590.77,590.77,1689319168.968
1303,590.77,590.77,1689319168.968
